{
  "irfs": {
    "growth": [
      -0.0,
      -0.19684582973784107,
      -0.2969204723245675,
      -0.2924511028592768,
      -0.2959992311141561,
      -0.27631206640832057,
      -0.25124782460211387,
      -0.14514234828263803,
      -0.06372447966453713,
      -0.08071952976585,
      -0.06091532411698432,
      -0.09190073828781468,
      -0.042289833669042806,
      -0.013424377706855839,
      0.013826882471294202,
      0.0415741287456661,
      0.03233562726772108,
      0.07723877439476162,
      0.06281775530062303,
      0.07412380213750554,
      0.07668425374997023,
      0.08193030862285142,
      0.10176678585994052,
      0.08323671480316855,
      0.08722360496607034
    ],
    "unemployment": [
      -0.0,
      0.03471396677178929,
      0.002214540277396785,
      0.006481609936295169,
      0.0039793780637000665,
      -0.0023074777410617042,
      0.005627738280220577,
      -0.005637017444031488,
      0.010787665178246109,
      -0.007837733311668687,
      0.0006937843141255504,
      -0.002752010206613114,
      -0.00408858036666617,
      0.002269054540830032,
      -0.003070458810442487,
      0.00249968875435127,
      -0.0014479042522709865,
      -0.0009355131878914122,
      -0.0025396276009640928,
      -0.0031048616070047065,
      -0.0015414153078072434,
      -0.002920936708474134,
      -0.0006998183453258887,
      -0.0019174969284381442,
      -0.0019424430780708246
    ],
    "inflation": [
      -0.0,
      -0.01118128103570212,
      -0.023181872485993245,
      -0.02255551448653388,
      -0.04378710912594915,
      -0.04172237061177366,
      -0.04847245643942849,
      -0.05164283099984121,
      -0.06356832057756981,
      -0.07597593746216186,
      -0.08322389309259444,
      -0.09202622693496176,
      -0.08996091482558101,
      -0.08414710799586624,
      -0.07820323288609819,
      -0.07095493367499542,
      -0.06665470176148924,
      -0.06565678221116518,
      -0.06617844711460942,
      -0.06552464478328068,
      -0.05928201313096806,
      -0.05283915087059908,
      -0.045801602203902905,
      -0.039270409030174605,
      -0.03536980718346346
    ]
  },
  "regimeIrfs": {
    "1980_1995": {
      "growth": [
        0.0,
        0.0854879215451753,
        -0.011934366261951029,
        -0.0428197177563114,
        0.0018804456923755017,
        -0.024604884335394834,
        -0.011981576823255345,
        -0.021798941370963325,
        -0.058825554214236804,
        0.05548110149273834,
        -0.018678183405871455,
        0.0009761310944692176,
        -0.03356978045398596,
        -0.02436439837817672,
        0.04105935479278215,
        -0.026232384772757248,
        0.021116871672088734,
        -0.0025781139610868064,
        0.0402935646771984,
        0.032730307853203716,
        0.0005114081049979253,
        0.004968792530086519,
        0.005763363569228368,
        0.01004925008959848,
        0.0018381347846349917
      ],
      "unemployment": [
        0.0,
        0.0003714383780100475,
        -0.0017425918076450473,
        -0.004708165187862679,
        -0.0034000173010555407,
        0.009645295283815025,
        -0.0005003755864207882,
        -0.0004929949385385975,
        0.001404493066503048,
        0.0023136489223670054,
        0.0019235714788496511,
        0.005563141592296647,
        0.002251764700261922,
        -0.001798706919879551,
        0.003975521316101157,
        -0.0007382853271658728,
        0.0014187619831184902,
        0.0001616957762589286,
        0.00015220548704672252,
        -0.0003566787141360284,
        0.000555860631020214,
        -0.0011053985935860029,
        0.0005557794852719248,
        -0.00033353108715064226,
        -0.0004956732723890223
      ],
      "inflation": [
        -0.0,
        -0.007995823973412735,
        -0.017199219909036622,
        -0.009151889710140077,
        -0.0282898339589442,
        -0.02638740714896705,
        -0.03165852724251791,
        -0.03331974443242745,
        -0.030877701950796015,
        -0.03060044148145284,
        -0.03128589930200825,
        -0.03146298491716718,
        -0.02536227359737233,
        -0.02064304057233781,
        -0.017930842831641373,
        -0.017243551903569108,
        -0.011875869344089721,
        -0.01108653158235556,
        -0.008403899896239391,
        -0.009954129794436026,
        -0.008805841608035582,
        -0.006233138049097939,
        -0.0038620316205950607,
        -0.0032736563007445246,
        -0.006289941046828272
      ]
    },
    "1995_2008": {
      "growth": [
        -0.0,
        -0.09047766533030015,
        0.18612701426822562,
        -0.12602542364819114,
        -0.07800660419500566,
        0.05698646489131982,
        -0.08577298252312833,
        -0.3745556187192231,
        -0.12428613442911621,
        0.0719325056971148,
        -0.49784731158678486,
        0.02971134872066063,
        0.08889538444930029,
        0.45417467662084327,
        0.011133709164026999,
        -0.07664651406994218,
        0.5599848225530374,
        0.25887961677563126,
        -0.04899380251015372,
        -0.030304515087731968,
        0.2912555219012806,
        0.22091175580713548,
        -0.06632743425085534,
        -0.03974045940280485,
        0.16028118502334623
      ],
      "unemployment": [
        -0.0,
        0.01835038770619198,
        -0.011105543485357276,
        0.01536048303370759,
        -0.0240494513805168,
        0.027471547911336602,
        0.01375405299403977,
        0.03044961430915311,
        0.02350597435941852,
        0.015565975196232183,
        0.02841018310547961,
        0.015403836122768159,
        -0.0048816325808578405,
        0.02700797669176309,
        0.00046559325147698717,
        -0.002242743716849766,
        0.005438873669547469,
        0.0048935418276721925,
        -0.004971300001301204,
        -0.0025143605894924477,
        -0.009187739762436833,
        0.008250826737952376,
        -0.009143856713227837,
        -0.018448914508690534,
        0.008783074688599884
      ],
      "inflation": [
        -0.0,
        -0.0060819729515606625,
        -0.0259580037687628,
        0.03538652425108831,
        0.09885009734495548,
        0.07764986443858249,
        -0.023122119273030733,
        -0.003025817299304123,
        -0.029465835174040392,
        -0.07708697546350954,
        -0.04961585757735625,
        -0.028705370115585955,
        -0.07533098025656955,
        -0.04141677606614898,
        -0.005078904701881742,
        0.00011664486845903836,
        -0.06324468908162446,
        -0.1036460094885544,
        -0.017396199228630605,
        0.007808315997993228,
        0.019446063453431684,
        0.060661775285417344,
        0.06740787891169778,
        0.03205469530173881,
        0.04379264212320194
      ]
    },
    "2008_2020": {
      "growth": [
        -0.0,
        -0.19684582973784107,
        -0.2969204723245675,
        -0.2924511028592768,
        -0.2959992311141561,
        -0.27631206640832057,
        -0.25124782460211387,
        -0.14514234828263803,
        -0.06372447966453713,
        -0.08071952976585,
        -0.06091532411698432,
        -0.09190073828781468,
        -0.042289833669042806,
        -0.013424377706855839,
        0.013826882471294202,
        0.0415741287456661,
        0.03233562726772108,
        0.07723877439476162,
        0.06281775530062303,
        0.07412380213750554,
        0.07668425374997023,
        0.08193030862285142,
        0.10176678585994052,
        0.08323671480316855,
        0.08722360496607034
      ],