{
  "irfs": {
    "growth": [
      -0.0,
      -0.9756656573208351,
      -0.3705581054539842,
      0.09953368114963082,
      -0.07034525782407766,
      -0.07485693290693457,
      0.03888036031983212,
      -0.25255928397496863,
      0.12159231027286467,
      0.007395599838021969,
      0.07025489369792547,
      -0.16948456348435187,
      0.19429230218745958,
      0.044046061410323606,
      0.13303699374817743,
      0.09657285875527458,
      0.002387208327773567,
      0.11743274840330609,
      0.03977416646816162,
      0.15489414368665133,
      0.031564599749199555,
      0.09283346289141928,
      0.07880655019810168,
      0.06591219382361534,
      0.06439580690197526
    ],
    "unemployment": [
      -0.0,
      0.034095868589428306,
      -0.0004235537553672554,
      0.005386063096310424,
      0.003333015107321187,
      -0.002898473601341059,
      0.00458404218856135,
      -0.004253129736764287,
      0.010633189471637263,
      -0.008117548012759927,
      -0.0009726687805513415,
      -0.002236280825791967,
      -0.0052244590102536745,
      0.0025846132106866026,
      -0.0033420847882453197,
      -0.0019141524282739052,
      -0.0017584416917546103,
      0.00012284430710121842,
      -0.00394569286452456,
      -0.0018298324232053228,
      -0.00275860051466298,
      -0.0020008546881046855,
      -0.00096636826283555,
      -0.0022376303420183043,
      -0.0019444817072447231
    ],
    "inflation": [
      -0.0,
      -0.01149345419419817,
      -0.02513736868560633,
      -0.027142395632638074,
      -0.04687925431336281,
      -0.04029404918173835,
      -0.04297339568393096,
      -0.04504446113609083,
      -0.05827369106964697,
      -0.07265020817317192,
      -0.07987801046182434,
      -0.08798151517854702,
      -0.08443607837230843,
      -0.07892621589318344,
      -0.0736099516408608,
      -0.06700576652195551,
      -0.06200702149893577,
      -0.0627238691565129,
      -0.06388862451839528,
      -0.06343155910180773,
      -0.056597530179832885,
      -0.04980934064560454,
      -0.042989199140266283,
      -0.037013782408621396,
      -0.03360656656840853
    ]
  },
  "regimeIrfs": {
    "1980_1995": {
      "growth": [
        0.0,
        0.23920419434407983,
        -0.16215734491776876,
        -0.25850793348802076,
        -0.26159822714343794,
        -0.1670592353905944,
        -0.10339063951022999,
        -0.07464944097741658,
        -0.07518682886549007,
        -0.08171098764019169,
        -0.07872406778399732,
        -0.07059282610456961,
        -0.06173104491313642,
        -0.05371438660783833,
        -0.04759718029431735,
        -0.042985883494231096,
        -0.038964039598100776,
        -0.03516905070544652,
        -0.031559657209109505,
        -0.028202765976262315,
        -0.02518822452748248,
        -0.022520900318734632,
        -0.02014838795245161,
        -0.018021844547520875,
        -0.016105556585077084
      ],
      "unemployment": [
        0.0,
        0.0012741676064213496,
        0.0014920836391327137,
        0.0027450108271348315,
        0.0019472762458366323,
        0.0016718338921088466,
        0.0017877166529926098,
        0.0014013157676299609,
        0.0011619494818530065,
        0.001121860894871052,
        0.0010256350287688185,
        0.0009202793837090519,
        0.0008322693579555569,
        0.0007402769743384683,
        0.000659497007006155,
        0.0005919122746913939,
        0.0005298849687589823,
        0.00047437877639188656,
        0.0004249231076764059,
        0.00037964953464314787,
        0.00033873153620452034,
        0.0003021353930280249,
        0.00026928061042219673,
        0.00023981912749943143,
        0.00021341126906528543
      ],
      "inflation": [
        -0.0,
        -0.006854533284888132,
        -0.023253085472942477,
        -0.029775772634350824,
        -0.024926853137907823,
        -0.018431710570451305,
        -0.014413950954416098,
        -0.012705635796104581,
        -0.011747180369903496,
        -0.010771766180996904,
        -0.009680888945991303,
        -0.008513694078532722,
        -0.007377894960109665,
        -0.006385920885928789,
        -0.00555916550974263,
        -0.004854931234409806,
        -0.004230658983465125,
        -0.0036655620709957807,
        -0.003155245005341023,
        -0.002700063043619687,
        -0.002297936751251342,
        -0.0019440606100095393,
        -0.0016327075251073167,
        -0.0013584663423917157,
        -0.0011168955626214574
      ]
    },
    "1995_2008": {
      "growth": [
        -0.0,
        -0.6196848391479413,
        1.7040103108178735,
        -1.6780390994273007,
        0.825711738888228,
        -0.3445642964502132,
        0.15774448243052808,
        -2.885297182030877,
        3.29371386871605,
        -0.8769689345737082,
        -1.6373057376095146,
        2.00101104667319,
        0.01565023629847553,
        0.2866492558359675,
        0.3388938227704228,
        -1.1226108889872448,
        1.0573186597023638,
        0.6358770514005867,
        -0.48860854334959336,
        -0.7442443082764912,
        1.0363571082008505,
        -0.19893744244818576,
        0.2410937058187662,
        -0.7768685455244981,
        0.2436419735509091
      ],
      "unemployment": [
        -0.0,
        0.026370857129854063,
        -0.013340694389815255,
        0.019269767876298707,
        -0.02278805914693727,
        0.021556683008983047,
        0.016269236993618885,
        0.03426106656145666,
        0.02674074595891471,
        0.013542694242449815,
        0.03128010137998461,
        0.00917423277467059,
        -0.005592512112517286,
        0.01718332177104707,
        0.00034923910128967635,
        0.0016301635549454728,
        0.005712696171838779,
        -0.004690184273526063,
        -0.0023102479026564813,
        -0.0005251422680784643,
        -0.021778953499229824,
        0.01147596842176485,
        -0.0040095075311903745,
        -0.011485338576980716,
        0.010108733257250821
      ],
      "inflation": [
        -0.0,
        0.0011893735814072234,
        -0.027640444260758838,
        0.018432630352168806,
        0.09288910342969874,
        0.08648889448987906,
        -0.023062349069135894,
        -0.00913657542537331,
        -0.02566136712125758,
        -0.07732885799500189,
        -0.05617801317082813,
        -0.028913263035442175,
        -0.06282065255059002,
        -0.03308625661960914,
        -0.00716895645077708,
        0.001769893551657765,
        -0.04004490346315201,
        -0.08614566217299356,
        -0.027520007333774046,
        0.006821784169837378,
        0.03092311031712238,
        0.06096861316182633,
        0.05619411903851619,
        0.027772912761503128,
        0.04401336118710368
      ]
    },
    "2008_2020": {
      "growth": [
        -0.0,
        -15.300527627802339,
        1.928289610883563,
        10.212929472300871,
        3.7703689245432437,
        -5.323816941022633,
        -3.5972807408174767,
        0.04607803870982447,
        -2.3637870393815072,
        2.4810222986545507,
        1.9611278177246454,
        3.247281750617755,
        1.6741102198277158,
        -7.064346945351436,
        1.801457236897325,
        14.6567357815301,
        4.014174314724221,
        -8.167190773042202,
        2.9588581614769707,
        -3.494982640866542,
        -0.6463392758697073,
        5.514708406949531,
        4.987936970062789,
        -1.1095385580802852,
        1.8040222343483552
      ],