{
  "irfs": {
    "growth": [
      -0.0,
      -0.9752787188332617,
      -0.3766790087037961,
      0.10765533059858759,
      -0.07797207195937506,
      -0.06191998334100327,
      0.03324183378687857,
      -0.2512307904889622,
      0.1217006365486629,
      0.0023345413177528586,
      0.07250254827528993,
      -0.1682808809823818,
      0.18953902156123267,
      0.049502117555198705,
      0.12648877894703106,
      0.10235566876193238,
      0.0018220448588582253,
      0.11324361833386018,
      0.04235742323598137,
      0.15189010711619214,
      0.0386879265772345,
      0.09103181791341321,
      0.083282512961106,
      0.06217419619826863,
      0.06883298638757701
    ],
    "unemployment": [
      -0.0,
      0.034050718396204556,
      -0.0002799674906738916,
      0.005299572156016943,
      0.0031954806933696574,
      -0.0026929879588591613,
      0.004380962571337146,
      -0.004218370537838364,
      0.010645355796940066,
      -0.008227410705970512,
      -0.0007930024282841174,
      -0.002341928187458465,
      -0.0051369929512283955,
      0.0026370539777825887,
      -0.003459529442223067,
      -0.0017543395990527644,
      -0.0018881062798248613,
      0.00012771009305321385,
      -0.0038523849349956212,
      -0.0019536388517432707,
      -0.0026542731157344697,
      -0.002043623230579197,
      -0.0009843293535599432,
      -0.0022379866669973085,
      -0.001981542665003252
    ],
    "inflation": [
      -0.0,
      -0.011360694049722732,
      -0.024949161996531927,
      -0.02666656159309669,
      -0.04683798199101694,
      -0.04060053820279325,
      -0.042807804883284964,
      -0.04489818565760505,
      -0.05805058142888138,
      -0.072176706432386,
      -0.07978538397674229,
      -0.08805876163653789,
      -0.08472269105782836,
      -0.0793448503471259,
      -0.07391602005681276,
      -0.06759634854950207,
      -0.06225321134874725,
      -0.06304145451182742,
      -0.06405164062125551,
      -0.06379949727981497,
      -0.05720277032339997,
      -0.05055511623785735,
      -0.04364898666512086,
      -0.03743760166789157,
      -0.03390836926728841
    ]
  },
  "regimeIrfs": {
    "1980_1995": {
      "growth": [
        0.0,
        0.23920419434206577,
        -0.16215734491162853,
        -0.25850793348789547,
        -0.2615982271349846,
        -0.1670592353847007,
        -0.10339063950766998,
        -0.07464944097803654,
        -0.0751868288676747,
        -0.08171098764314318,
        -0.07872406778688208,
        -0.07059282610663124,
        -0.06173104491448576,
        -0.053714386608918044,
        -0.047597180295369516,
        -0.04298588349527055,
        -0.03896403959904109,
        -0.03516905070620872,
        -0.0315596572096738,
        -0.028202765976654172,
        -0.025188224527740936,
        -0.02252090031889189,
        -0.020148387952525826,
        -0.01802184454752068,
        -0.016105556585009416
      ],
      "unemployment": [
        0.0,
        0.0012741676062827136,
        0.0014920836391012343,
        0.002745010827050067,
        0.001947276245773417,
        0.0016718338920024883,
        0.0017877166529305186,
        0.0014013157676312556,
        0.0011619494818638522,
        0.0011218608948821323,
        0.0010256350287846988,
        0.0009202793837245733,
        0.0008322693579687341,
        0.0007402769743500757,
        0.000659497007016328,
        0.0005919122747003265,
        0.000529884968766442,
        0.0004743787763974399,
        0.0004249231076800778,
        0.0003796495346451553,
        0.0003387315362050461,
        0.00030213539302727563,
        0.0002692806104203707,
        0.00023981912749668557,
        0.00021341126906175876
      ],
      "inflation": [
        -0.0,
        -0.006854533285293084,
        -0.023253085472276492,
        -0.02977577263298027,
        -0.024926853136249004,
        -0.018431710568688538,
        -0.014413950952842173,
        -0.01270563579487218,
        -0.011747180368951681,
        -0.010771766180154399,
        -0.009680888945147874,
        -0.008513694077677639,
        -0.007377894959271756,
        -0.006385920885130349,
        -0.005559165508990558,
        -0.004854931233700199,
        -0.0042306589827898824,
        -0.0036655620703485124,
        -0.003155245004719327,
        -0.002700063043023906,
        -0.0022979367506822915,
        -0.001944060609467226,
        -0.0016327075245909301,
        -0.001358466341900148,
        -0.0011168955621536744
      ]
    },
    "1995_2008": {
      "growth": [
        -0.0,
        -0.9752787188332617,
        -0.3766790087037961,
        0.10765533059858759,
        -0.07797207195937506,
        -0.06191998334100327,
        0.03324183378687857,
        -0.2512307904889622,
        0.1217006365486629,
        0.0023345413177528586,
        0.07250254827528993,
        -0.1682808809823818,
        0.18953902156123267,
        0.049502117555198705,
        0.12648877894703106,
        0.10235566876193238,
        0.0018220448588582253,
        0.11324361833386018,
        0.04235742323598137,
        0.15189010711619214,
        0.0386879265772345,
        0.09103181791341321,
        0.083282512961106,
        0.06217419619826863,
        0.06883298638757701
      ],
      "unemployment": [
        -0.0,
        0.026370857129009304,
        -0.013340694389228688,
        0.01926976787579336,
        -0.02278805914668198,
        0.021556683008779214,
        0.0162692369943152,
        0.03426106656059376,
        0.0267407459594853,
        0.013542694241774159,
        0.03128010137990491,
        0.00917423277421316,
        -0.005592512114057127,
        0.017183321771256883,
        0.00034923910051830065,
        0.001630163554772994,
        0.005712696170631195,
        -0.00469018427254207,
        -0.0023102479055260496,
        -0.0005251422676759398,
        -0.021778953499644774,
        0.011475968422075655,
        -0.004009507533217143,
        -0.011485338575601085,
        0.010108733257140767
      ],
      "inflation": [
        -0.0,
        0.0011893735697677441,
        -0.027640444256109443,
        0.018432630340696057,
        0.09288910344206433,
        0.0864888944799674,
        -0.023062349062980894,
        -0.009136575420590012,
        -0.025661367116021936,
        -0.07732885800863808,
        -0.05617801317183586,
        -0.028913263033870207,
        -0.0628206525562488,
        -0.033086256608618476,
        -0.007168956449132126,
        0.0017698935573391295,
        -0.04004490347213849,
        -0.0861456621684081,
        -0.027520007340513235,
        0.00682178417129924,
        0.03092311030964215,
        0.06096861316656481,
        0.05619411904987251,
        0.0277729127610876,
        0.04401336119512978
      ]
    },
    "2008_2020": {
      "growth": [
        -0.0,
        -0.9752787188332617,
        -0.3766790087037961,
        0.10765533059858759,
        -0.07797207195937506,
        -0.06191998334100327,
        0.03324183378687857,
        -0.2512307904889622,
        0.1217006365486629,
        0.0023345413177528586,
        0.07250254827528993,
        -0.1682808809823818,
        0.18953902156123267,
        0.049502117555198705,
        0.12648877894703106,
        0.10235566876193238,
        0.0018220448588582253,
        0.11324361833386018,
        0.04235742323598137,
        0.15189010711619214,
        0.0386879265772345,
        0.09103181791341321,
        0.083282512961106,
        0.06217419619826863,
        0.06883298638757701
      ],